QUESTION,QUESTION_TYPE
"what is the out put of the below HTML code..?
----
<!DOCTYPE html>
<html lang=""en"">
<head>
<img/>
<br/>

    <meta charset=""UTF-8"">
    <meta name=""viewport"" content=""width=device-width, initial-scale=1.0"">
    <title>Sample HTML Page</title>
    <style>
        body {
            font-family: Arial, sans-serif;
            background-color: #f4f4f4;
            margin: 0;
            padding: 0;}header { background-color: #333;
            color: #fff;
            padding: 10px;
            text-align: center; }section {
            max-width: 600px; margin: 20px auto; padding: 20px;
            background-color: #fff;
            border-radius: 8px;box-shadow: 0 0 10px rgba(0, 0, 0, 0.1);} footer { text-align: center;padding: 10px; background-color: #333;color: #fff;}
    </style>
</head>
<body>
    <header>
        <h1>Welcome to My </h1>
    </header>

    <section>
        <h2>Sample Content</h2>
        <p>This is a sample HTML page. You can customize it as needed for your project.</p>
        <button onclick=""alert('Hello!')"">Click Me</button>
    </section>

    <footer>
        &copy; 2023 My Website. All rights reserved.
    </footer>
</body>
</html>
----
is the code is valid for all the programming languages...?
----
<!DOCTYPE html>
<html lang=""en"">
<head>
    <meta charset=""UTF-8"">
    <meta name=""viewport"" content=""width=device-width, initial-scale=1.0"">
    <title>Another Sample HTML Page</title>
    <style>
        body {
            font-family: 'Segoe UI', Tahoma, Geneva, Verdana, sans-serif;
            background-color: #f0f0f0;
            margin: 0;
            padding: 0;
            text-align: center;
        }

        header {
            background-color: #333;
            color: #fff;
            padding: 10px;
        }

        section {
            max-width: 600px;
            margin: 20px auto;
            padding: 20px;
            background-color: #fff;
            border-radius: 8px;
            box-shadow: 0 0 10px rgba(0, 0, 0, 0.1);
            text-align: left;
        }

        footer {
            padding: 10px;
            background-color: #333;
            color: #fff;
        }
    </style>
</head>
<body>
    <header>
        <h1>Another Sample Page</h1>
    </header>

    <section>
        <h2>Welcome!</h2>
        <p>This is another sample HTML page. Feel free to modify and experiment with the content.</p>
        <ul>
            <li>Item 1</li>
            <li>Item 2</li>
            <li>Item 3</li>
        </ul>
    </section>

    <footer>
        &copy; 2023 Another Sample Page. All rights reserved.
    </footer>
</body>
</html>

",HTML
"what will be the output of css code..?
----
body {
  font-family: 'Arial', sans-serif;
  background-color: #f0f0f0;
  margin: 0;
  padding: 0;
}

.header {
  background-color: #333;
  color: #fff;
  padding: 1em;
  text-align: center;
}

.container {
  width: 80%;
  margin: 0 auto;
}

.section {
  margin-bottom: 20px;
}

.section h2 {
  color: #007bff;
}

.section p {
  line-height: 1.6;
}

.footer {
  background-color: #333;
  color: #fff;
  padding: 1em;
  text-align: center;
}
",CSS
"What will the output for the following javascript code..?
----
// Define a function to calculate the square of a number
function calculateSquare(number) {
    return number * number;
}

// Call the function with an example number
const result = calculateSquare(5);

// Log the result to the console
console.log(`The square of 5 is: ${result}`);

// Create an array of fruits
const fruits = ['Apple', 'Banana', 'Orange'];

// Loop through the array and log each fruit
console.log('List of fruits:');
for (const fruit of fruits) {
    console.log(fruit);
}

// Define an object representing a person
const person = {name: 'John Doe',age: 30, profession: 'Software Developer',};

// Access and log properties of the person objectconsole.log(`Person Information:
Name: ${person.name}
Age: ${person.age}
Profession: ${person.profession}`);
----
Choose the correct option below..?
----
// Function to calculate the factorial of a number
function calculateFactorial(n) {
    if (n === 0 || n === 1) {
        return 1;
    } else {
        return n * calculateFactorial(n - 1);
    }}

// Calculate and log the factorial of 5
const factorialOf5 = calculateFactorial(5);console.log(`Factorial of 5 is: ${factorialOf5}`);

// Array of numbers
const numbers = [1, 2, 3, 4, 5];

// Function to find the sum of an array of numbers
function calculateSum(arr) {
    return arr.reduce((sum, num) => sum + num, 0);
}

// Calculate and log the sum of the numbers array
const sumOfNumbers = calculateSum(numbers);console.log(`Sum of numbers: ${sumOfNumbers}`);

// Function to filter even numbers from an array
function filterEvenNumbers(arr) {
    return arr.filter(num => num % 2 === 0);
}

// Filter and log even numbers from the numbers array
const evenNumbers = filterEvenNumbers(numbers);
console.log(`Even numbers: ${evenNumbers.join(', ')}`);
",JAVASCRIPT
"What will the out put of given python code..?
----
# Function to calculate the square of a number
def calculate_square(number):
    return number * number

# Function to calculate the cube of a number
def calculate_cube(number):
    return number ** 3

# Higher-order function to apply a given operation to a list of numbers
def apply_operation(operation, numbers):
    return [operation(num) for num in numbers]

# Sample list of numbersnumbers = [1, 2, 3, 4, 5]

# Apply the square operation to the list
squares = apply_operation(calculate_square, numbers)print(""Squares:"", squares)

# Apply the cube operation to the list
cubes = apply_operation(calculate_cube, numbers)print(""Cubes:"", cubes)

# Using lambda functions for a concise syntaxdouble = lambda x: x * 2
# Apply the double operation to the list
doubles = apply_operation(double, numbers)print(""Doubles:"", doubles)
----
Choose from the bwelow options..?
----
# Function to generate Fibonacci sequence up to n terms
def generate_fibonacci(n): fibonacci_sequence = [0, 1]

    while len(fibonacci_sequence) < n: next_term = fibonacci_sequence[-1] + fibonacci_sequence[-2]
        fibonacci_sequence.append(next_term) return fibonacci_sequence

# Generate and print the first 10 terms of the Fibonacci sequence
fibonacci_10_terms = generate_fibonacci(10)
print(""Fibonacci Sequence (First 10 terms):"", fibonacci_10_terms)

",PYTHON
"what will the out put of give c lang...?
----
#include <stdio.h>

// Function to calculate the square of a number
int square(int x) {return x * x;}int cube(int x) {return x * x * x;}

// Function to apply a binary operation to two numbers
int apply_operation(int (*operation)(int, int), int a, int b) {return operation(a, b);}int main() {
    // Use functions in a functional style
    int result_square = square(5);
    int result_cube = cube(3);
    int result_sum = apply_operation(add, 7, 4);

    // Print the results
    printf(""Square of 5: %d\n"", result_square);
    printf(""Cube of 3: %d\n"", result_cube);
    printf(""Sum of 7 and 4: %d\n"", result_sum);

    return 0;}
----
Choose from below options..?
----
#include <stdio.h>

int main() {// Declare variables to store user input
    int num1, num2;

    // Ask the user to enter two numbers
    printf(""Enter the first number: "");scanf(""%d"", &num1);

    printf(""Enter the second number: "");
    scanf(""%d"", &num2);

    // Calculate the sum of the two numbers
    int sum = num1 + num2;

    // Print the result
    printf(""Sum of %d and %d is: %d\n"", num1, num2, sum);

    return 0;
}
",C
"what will the out put of the following cpp code...?
----
#include <iostream>#include <string>int main() {
    // Declare a variable to store user input (name)
    std::string name;

    // Ask the user for their name
    std::cout << ""Enter your name: "";
    std::getline(std::cin, name);

    // Greet the user
    std::cout << ""Hello, "" << name << ""! Welcome to C++ programming.\n"";

    return 0;}
----
Choose from the below options..?
----
#include <iostream>

// Function to calculate the factorial of a number
int factorial(int n) {
    if (n == 0 || n == 1) {
        return 1;
    } else {
        return n * factorial(n - 1);
    }
}

int main() {
    // Declare a variable to store user input (number)
    int number;

    // Ask the user for a number
    std::cout << ""Enter a number to calculate its factorial: "";
    std::cin >> number;

    // Calculate and print the factorial
    if (number < 0) {
        std::cout << ""Factorial is not defined for negative numbers.\n"";
    } else {
        int result = factorial(number);
        std::cout << ""The factorial of "" << number << "" is: "" << result << ""\n"";
    }

    return 0;
}
",CPP
"What is the out put of this ruby code..?
----
# Function to calculate the square of a number
def square(x)
  x * x
end

# Function to calculate the cube of a number
def cube(x)
  x * x * x
end

# Function to apply a binary operation to two numbers
def apply_operation(operation, a, b)
  operation.call(a, b)
end

# Use functions in a functional style
result_square = square(5)
result_cube = cube(3)
result_sum = apply_operation(->(x, y) { x + y }, 7, 4)

# Print the results
puts ""Square of 5: #{result_square}""puts ""Cube of 3: #{result_cube}""puts ""Sum of 7 and 4: #{result_sum}""
----
given below optons for it
----
def greet(name)
  puts ""Hello, #{name}!""
end

greet(""Ruby"")
",RUBY
"what will the output of following Go code..?
----


import ""fmt""

// greet is a higher-order function that returns a function.
func greet(prefix string) func(string) string {
        return func(name string) string {
                return fmt.Sprintf(""%s, %s!"", prefix, name)
        }
}

func main() {
        // Create a greeting function with the prefix ""Hello""
        helloGreet := greet(""Hello"")

        // Use the created function to greet someone
        message := helloGreet(""Functional Go"")
        fmt.Println(message)
}
----
from the following options..?
----
package main

import ""fmt""

func add(a, b int) int {
	return a + b
}

func multiply(a, b int) int {
	return a * b
}

func main() {
	num1 := 10
	num2 := 5

	// Call the add function
	sum := add(num1, num2)
	fmt.Printf(""Sum: %d\n"", sum)

	// Call the multiply function
	product := multiply(num1, num2)
	fmt.Printf(""Product: %d\n"", product)
}
",GO